staff_id,startTime,endTime,Content
E000001915,,,
E000000479,,,
E000001046,,,
E000001503,,,
E000001302,,,
E000001498,,,
E000001047,,,
E000001298,,,
E000001491,,,
E000002283,,,
E000002292,,,
E000002183,,,
E000000403,,,
E000000447,,,
E000001048,,,
E000001306,,,
E000001483,,,
E000001313,,,
E000002285,,,
E000002286,,,
E000002299,,,
E000002804,,,
E000000441,,,
E000001051,,,
E000001297,,,
E000001312,,,
E000001497,,,
E000001309,,,
E000002287,,,
E000002301,,,
E000002351,,,
E000001049,,,
E000001308,,,
E000001916,,,
E000001487,,,
E000001296,,,
E000001496,,,
E000002288,,,
E000002289,,,
E000002290,,,
